employeeId,name,englishName,gender,age,department,companyId,freeClasses,sourceSeqns
E001,Ken Anderson,Ken Anderson,M,40,營運部,C001,3,66246;64474;71279
E002,Kelly Anderson,Kelly Anderson,F,20,財務部,C001,2,63877;70333;65555
E003,Amy Baker,Amy Baker,F,30,工程部,C001,3,65557;64779
E004,Bella Carter,Bella Carter,F,20,人資部,C001,2,63856;63573;71740
E005,Claire Davis,Claire Davis,F,20,業務部,C001,2,71114;63272;64417
E006,Daisy Edwards,Daisy Edwards,F,20,行政部,C001,2,67870;69963;64379
E007,Emily Foster,Emily Foster,F,20,客服部,C001,2,68065;63043;66101
E008,Fiona Garcia,Fiona Garcia,F,20,產品部,C001,2,63750;65490;68393
E009,Grace Harris,Grace Harris,F,20,營運部,C001,3,69816;63858;71108
E010,Hannah Irving,Hannah Irving,F,20,財務部,C001,3,67751;64706;66343
E011,Ivy Johnson,Ivy Johnson,F,20,工程部,C001,3,70204
E012,Jenny King,Jenny King,F,21,人資部,C001,2,64167;69994;69220
E013,Laura Lewis,Laura Lewis,F,21,業務部,C001,2,66714;64525;69798
E014,Mia Miller,Mia Miller,F,21,行政部,C001,2,70845;67818;70741
E015,Nina Nelson,Nina Nelson,F,21,客服部,C001,2,62787;71634;63761
E016,Olivia Owens,Olivia Owens,F,21,產品部,C001,2,68971;69274;71745
E017,Peggy Parker,Peggy Parker,F,21,營運部,C001,2,67613;64437;63400
E018,Queenie Quinn,Queenie Quinn,F,21,財務部,C001,3,64739;68749;66956
E019,Ruby Roberts,Ruby Roberts,F,21,工程部,C001,3,62893
E020,Sophie Scott,Sophie Scott,F,22,人資部,C001,2,63721;65217;63298
E021,Harper Turner,Harper Turner,F,22,業務部,C001,2,69495;63523;70192
E022,Abigail Underwood,Abigail Underwood,F,22,行政部,C001,2,67545;65338;69916
E023,Audrey Walker,Audrey Walker,F,22,客服部,C001,2,62239;67126;65672
E024,Beatrice Young,Beatrice Young,F,22,產品部,C001,2,69764;69721;70987
E025,Caroline Adams,Caroline Adams,F,22,營運部,C001,2,62214;65902;63692
E026,Chloe Brooks,Chloe Brooks,F,22,財務部,C001,2,63977;64703;69697
E027,Diana Cooper,Diana Cooper,F,22,工程部,C001,2,65546;69159;67355
E028,Eleanor Diaz,Eleanor Diaz,F,22,人資部,C001,2,68680;70807;70682
E029,Eva Evans,Eva Evans,F,22,業務部,C001,3,70975;69363;67015
E030,Florence Ford,Florence Ford,F,22,行政部,C001,3,70514;66770
E031,Georgia Green,Georgia Green,F,23,客服部,C001,2,66179;64893;70264
E032,Hazel Hill,Hazel Hill,F,23,產品部,C001,2,69081;67436;71259
E033,Isabel James,Isabel James,F,23,營運部,C001,2,70176;63625;66925
E034,Julia Knight,Julia Knight,F,23,財務部,C001,2,65249;70169;66431
E035,Katherine Lopez,Katherine Lopez,F,23,工程部,C001,2,66167;68169;69990
E036,Lily Moore,Lily Moore,F,23,人資部,C001,2,69887;62444;68384
E037,Madeline Price,Madeline Price,F,23,業務部,C001,3,69640;63831;63353
E038,Natalie Reed,Natalie Reed,F,23,行政部,C001,3,62349
E039,Penelope Stewart,Penelope Stewart,F,24,客服部,C001,2,66325;71784;64349
E040,Rachel Ward,Rachel Ward,F,24,產品部,C001,2,62575;69770;65501
E041,Sarah Bell,Sarah Bell,F,24,營運部,C001,2,70439;63967;68771
E042,Teresa Coleman,Teresa Coleman,F,24,財務部,C001,2,63472;66040;65953
E043,Vanessa Fisher,Vanessa Fisher,F,24,工程部,C001,2,64687;71758;65105
E044,Wendy Gray,Wendy Gray,F,24,人資部,C001,3,65007;65663;66349
E045,Zoe Hayes,Zoe Hayes,F,24,業務部,C001,3,67642;68873
E046,Kelly Morgan,Kelly Morgan,F,25,行政部,C001,2,66839;68686;66905
E047,Amy Russell,Amy Russell,F,25,客服部,C001,2,62390;71360;66233
E048,Bella Watson,Bella Watson,F,25,產品部,C001,2,70238;64866;69617
E049,Claire Anderson,Claire Anderson,F,25,營運部,C001,2,65237;69086;66497
E050,Daisy Baker,Daisy Baker,F,25,財務部,C001,3,63139;70291;66090
E051,Emily Carter,Emily Carter,F,26,工程部,C001,2,71867;64484;63344
E052,Fiona Davis,Fiona Davis,F,26,人資部,C001,2,65991;64391;66111
E053,Grace Edwards,Grace Edwards,F,26,業務部,C001,2,63615;65880;70127
E054,Hannah Foster,Hannah Foster,F,26,行政部,C001,2,62789;62690;71157
E055,Ivy Garcia,Ivy Garcia,F,26,客服部,C001,3,65798;68907;64383
E056,Jenny Harris,Jenny Harris,F,26,產品部,C001,3,71064
E057,Laura Irving,Laura Irving,F,27,營運部,C001,2,68724;64335;65404
E058,Mia Johnson,Mia Johnson,F,27,財務部,C001,2,66249;63320;67938
E059,Nina King,Nina King,F,27,工程部,C001,2,69613;68982;66954
E060,Olivia Lewis,Olivia Lewis,F,27,人資部,C001,2,71204;68324;69930
E061,Peggy Miller,Peggy Miller,F,27,業務部,C001,3,65271;68701;68011
E062,Queenie Nelson,Queenie Nelson,F,27,行政部,C001,3,69700;62635;67539
E063,Ruby Owens,Ruby Owens,F,28,客服部,C001,2,70850;70052;69055
E064,Sophie Parker,Sophie Parker,F,28,產品部,C001,2,69710;66391;67741
E065,Harper Quinn,Harper Quinn,F,28,營運部,C001,2,69931;66897;63572
E066,Abigail Roberts,Abigail Roberts,F,28,財務部,C001,3,68183;65370;68560
E067,Audrey Scott,Audrey Scott,F,29,工程部,C001,2,65852;64500;67891
E068,Beatrice Turner,Beatrice Turner,F,29,人資部,C001,2,65022;70929;70663
E069,Caroline Underwood,Caroline Underwood,F,29,業務部,C001,2,69999;62224;70082
E070,Chloe Walker,Chloe Walker,F,29,行政部,C001,2,65464;67059;63945
E071,Diana Young,Diana Young,F,29,客服部,C001,2,62701;69534;69245
E072,Eleanor Adams,Eleanor Adams,F,29,產品部,C001,3,65635;67089;64592
E073,Eva Brooks,Eva Brooks,F,29,營運部,C001,3,65647;62684;63924
E074,Florence Cooper,Florence Cooper,F,29,財務部,C001,3,66123;67527
E075,Georgia Diaz,Georgia Diaz,F,30,工程部,C001,2,65191;68648;71363
E076,Hazel Evans,Hazel Evans,F,30,人資部,C001,2,66309;62189;71528
E077,Isabel Ford,Isabel Ford,F,30,業務部,C001,2,71706;63191;65306
E078,Julia Green,Julia Green,F,30,行政部,C001,2,70281;62501;62677
E079,Katherine Hill,Katherine Hill,F,30,客服部,C001,3,67546;69813;65753
E080,Lily James,Lily James,F,30,產品部,C001,2,68199;62504;65653
E081,Madeline Knight,Madeline Knight,F,31,營運部,C001,3,62955;67039;62556
E082,Natalie Lopez,Natalie Lopez,F,31,財務部,C001,2,62922;70832;70075
E083,Penelope Moore,Penelope Moore,F,31,工程部,C001,2,64180;69351;66338
E084,Rachel Price,Rachel Price,F,31,人資部,C001,2,66874;69797;64308
E085,Sarah Reed,Sarah Reed,F,31,業務部,C001,2,70566;67116;63224
E086,Teresa Stewart,Teresa Stewart,F,31,行政部,C001,2,65534;66771;71060
E087,Vanessa Ward,Vanessa Ward,F,31,客服部,C001,3,63357;63648;70220
E088,Wendy Bell,Wendy Bell,F,31,產品部,C001,3,65174;66599;63331
E089,Zoe Coleman,Zoe Coleman,F,31,營運部,C001,3,67964
E090,Kelly Fisher,Kelly Fisher,F,32,財務部,C001,2,71856;67279;67032
E091,Amy Gray,Amy Gray,F,32,工程部,C001,2,71117;67367;64139
E092,Bella Hayes,Bella Hayes,F,32,人資部,C001,2,65879;62482;62571
E093,Claire Morgan,Claire Morgan,F,32,業務部,C001,2,67727;68651;71089
E094,Daisy Russell,Daisy Russell,F,32,行政部,C001,3,64962;70748;66342
E095,Emily Watson,Emily Watson,F,32,客服部,C001,3,65476;67424
E096,Fiona Anderson,Fiona Anderson,F,33,產品部,C001,2,65863;68004;62674
E097,Grace Baker,Grace Baker,F,33,營運部,C001,3,66235;66054;70596
E098,Hannah Carter,Hannah Carter,F,33,財務部,C001,2,64722;65132;67123
E099,Ivy Davis,Ivy Davis,F,33,工程部,C001,2,67191;67834;65451
E100,Jenny Edwards,Jenny Edwards,F,33,人資部,C001,3,69917;64663;62874
E101,Laura Foster,Laura Foster,F,33,業務部,C001,3,64111;69899;66283
E102,Mia Garcia,Mia Garcia,F,33,行政部,C001,3,63499
E103,Nina Harris,Nina Harris,F,34,客服部,C001,2,65918;63116;62919
E104,Olivia Irving,Olivia Irving,F,34,產品部,C001,2,71450;71107;70206
E105,Peggy Johnson,Peggy Johnson,F,34,營運部,C001,2,68762;62993;69880
E106,Queenie King,Queenie King,F,34,財務部,C001,2,64147;68993;66603
E107,Ruby Lewis,Ruby Lewis,F,34,工程部,C001,2,64436;65065;64047
E108,Sophie Miller,Sophie Miller,F,34,人資部,C001,2,63141;70639;63929
E109,Harper Nelson,Harper Nelson,F,34,業務部,C001,3,69747;71830;63966
E110,Abigail Owens,Abigail Owens,F,34,行政部,C001,3,70995;63528
E111,Audrey Parker,Audrey Parker,F,35,客服部,C001,2,68061;68837;62936
E112,Beatrice Quinn,Beatrice Quinn,F,35,產品部,C001,2,63234;70833;64807
E113,Caroline Roberts,Caroline Roberts,F,35,營運部,C001,2,65243;69862;66022
E114,Chloe Scott,Chloe Scott,F,35,財務部,C001,2,68206;66300;71660
E115,Diana Turner,Diana Turner,F,35,工程部,C001,3,70704;66404
E116,Eleanor Underwood,Eleanor Underwood,F,36,人資部,C001,2,71133;63853;63629
E117,Eva Walker,Eva Walker,F,36,業務部,C001,2,70115;64133;70427
E118,Florence Young,Florence Young,F,36,行政部,C001,2,67754;66138;67041
E119,Georgia Adams,Georgia Adams,F,36,客服部,C001,2,69869;65967;68979
E120,Hazel Brooks,Hazel Brooks,F,36,產品部,C001,2,66409;68948;67439
E121,Isabel Cooper,Isabel Cooper,F,36,營運部,C001,2,69325;67061;70094
E122,Julia Diaz,Julia Diaz,F,36,財務部,C001,3,65920;67517;65454
E123,Katherine Evans,Katherine Evans,F,36,工程部,C001,3,66131;67190;62479
E124,Lily Ford,Lily Ford,F,36,人資部,C001,3,71071;71748;71340
E125,Madeline Green,Madeline Green,F,37,業務部,C001,2,65267;62616;70430
E126,Natalie Hill,Natalie Hill,F,37,行政部,C001,2,71159;69494;71419
E127,Penelope James,Penelope James,F,37,客服部,C001,2,66033;71422;64471
E128,Rachel Knight,Rachel Knight,F,37,產品部,C001,2,65649;68919;67074
E129,Sarah Lopez,Sarah Lopez,F,37,營運部,C001,2,67763;70288;69422
E130,Teresa Moore,Teresa Moore,F,37,財務部,C001,3,64833;70122;66907
E131,Vanessa Price,Vanessa Price,F,37,工程部,C001,3,70231;69114;68853
E132,Wendy Reed,Wendy Reed,F,37,人資部,C001,3,62551
E133,Zoe Stewart,Zoe Stewart,F,38,業務部,C001,2,63004;64695;71213
E134,Kelly Ward,Kelly Ward,F,38,行政部,C001,2,67785;68226;64679
E135,Amy Bell,Amy Bell,F,38,客服部,C001,2,67445;64248;68494
E136,Bella Coleman,Bella Coleman,F,38,產品部,C001,2,71605;62449;70255
E137,Claire Fisher,Claire Fisher,F,38,營運部,C001,2,62746;66789;62768
E138,Daisy Gray,Daisy Gray,F,38,財務部,C001,3,62345;62342;66384
E139,Emily Hayes,Emily Hayes,F,38,工程部,C001,3,66253;71473;62612
E140,Fiona Morgan,Fiona Morgan,F,38,人資部,C001,3,68334;66443;67799
E141,Grace Russell,Grace Russell,F,38,業務部,C001,3,67462;62218
E142,Hannah Watson,Hannah Watson,F,39,行政部,C001,2,66903;69450;64367
E143,Ivy Anderson,Ivy Anderson,F,39,客服部,C001,2,70547;68721;68830
E144,Jenny Baker,Jenny Baker,F,39,產品部,C001,2,67916;64674;62481
E145,Laura Carter,Laura Carter,F,39,營運部,C001,2,68859;67442;66243
E146,Mia Davis,Mia Davis,F,39,財務部,C001,2,64488;71091;64725
E147,Nina Edwards,Nina Edwards,F,39,工程部,C001,3,64046;68525;63377
E148,Olivia Foster,Olivia Foster,F,39,人資部,C001,3,64494
E149,Peggy Garcia,Peggy Garcia,F,40,業務部,C001,2,66010;70143;66881
E150,Queenie Harris,Queenie Harris,F,40,行政部,C001,2,71561;63784;62736
E151,Ruby Irving,Ruby Irving,F,40,客服部,C001,2,64244;71730;69171
E152,Sophie Johnson,Sophie Johnson,F,40,產品部,C001,2,70212;67962;66988
E153,Harper King,Harper King,F,40,營運部,C001,2,63818;67690;62811
E154,Abigail Lewis,Abigail Lewis,F,40,財務部,C001,3,68155;69542;63915
E155,Audrey Miller,Audrey Miller,F,40,工程部,C001,3,62849
E156,Beatrice Nelson,Beatrice Nelson,F,41,人資部,C001,2,67781;71267;68213
E157,Caroline Owens,Caroline Owens,F,41,業務部,C001,2,64873;64447;65288
E158,Chloe Parker,Chloe Parker,F,41,行政部,C001,2,68095;67597;65095
E159,Diana Quinn,Diana Quinn,F,41,客服部,C001,2,64933;68027;65642
E160,Eleanor Roberts,Eleanor Roberts,F,41,產品部,C001,3,63109;68236;65781
E161,Eva Scott,Eva Scott,F,41,營運部,C001,3,69619;63777;66093
E162,Florence Turner,Florence Turner,F,41,財務部,C001,3,70785
E163,Georgia Underwood,Georgia Underwood,F,42,工程部,C001,2,63942;63829;71751
E164,Hazel Walker,Hazel Walker,F,42,人資部,C001,2,65067;63260;69499
E165,Isabel Young,Isabel Young,F,42,業務部,C001,2,68423;62716;71172
E166,Julia Adams,Julia Adams,F,42,行政部,C001,2,65553;64689;68575
E167,Katherine Brooks,Katherine Brooks,F,42,客服部,C001,2,70806;63663;65353
E168,Lily Cooper,Lily Cooper,F,42,產品部,C001,2,70254;67889;62515
E169,Madeline Diaz,Madeline Diaz,F,42,營運部,C001,2,69885;67270;64974
E170,Natalie Evans,Natalie Evans,F,42,財務部,C001,3,69428;66561;68582
E171,Penelope Ford,Penelope Ford,F,42,工程部,C001,3,67281
E172,Rachel Green,Rachel Green,F,43,人資部,C001,2,70932;70716;68753
E173,Sarah Hill,Sarah Hill,F,43,業務部,C001,2,66802;66444;66393
E174,Teresa James,Teresa James,F,43,行政部,C001,2,70357;65874;67226
E175,Vanessa Knight,Vanessa Knight,F,43,客服部,C001,2,63482;64532;69715
E176,Wendy Lopez,Wendy Lopez,F,43,產品部,C001,2,71237;66959;68998
E177,Zoe Moore,Zoe Moore,F,43,營運部,C001,2,67564;65590;70470
E178,Kelly Price,Kelly Price,F,43,財務部,C001,3,62172;67847;69272
E179,Amy Reed,Amy Reed,F,43,工程部,C001,3,67250;68319;62928
E180,Bella Stewart,Bella Stewart,F,43,人資部,C001,3,69434;66052;66942
E181,Claire Ward,Claire Ward,F,44,業務部,C001,2,64953;63999;62838
E182,Daisy Bell,Daisy Bell,F,44,行政部,C001,2,62164;71536;69019
E183,Emily Coleman,Emily Coleman,F,44,客服部,C001,3,63991;62465;62808
E184,Fiona Fisher,Fiona Fisher,F,44,產品部,C001,2,67182;63183;70727
E185,Grace Gray,Grace Gray,F,44,營運部,C001,3,68428;62363;69201
E186,Hannah Hayes,Hannah Hayes,F,44,財務部,C001,3,65326;70860;65503
E187,Ivy Morgan,Ivy Morgan,F,45,工程部,C001,2,66898;64086;69243
E188,Jenny Russell,Jenny Russell,F,45,人資部,C001,2,68646;69875;66302
E189,Laura Watson,Laura Watson,F,45,業務部,C001,2,62899;70101;64399
E190,Mia Anderson,Mia Anderson,F,45,行政部,C001,2,65129;65348;66186
E191,Nina Baker,Nina Baker,F,45,客服部,C001,3,63871;67375;62750
E192,Olivia Carter,Olivia Carter,F,45,產品部,C001,3,70123;70617;67332
E193,Peggy Davis,Peggy Davis,F,45,營運部,C001,3,71709;64390;65757
E194,Queenie Edwards,Queenie Edwards,F,45,財務部,C001,3,67503;63343
E195,Ruby Foster,Ruby Foster,F,46,工程部,C001,2,67274;63021;70920
E196,Sophie Garcia,Sophie Garcia,F,46,人資部,C001,2,70935;71698;64859
E197,Harper Harris,Harper Harris,F,46,業務部,C001,2,70265;70227;70933
E198,Abigail Irving,Abigail Irving,F,46,行政部,C001,3,66851;69410;66641
E199,Audrey Johnson,Audrey Johnson,F,46,客服部,C001,3,63125;63661;67165
E200,Beatrice King,Beatrice King,F,46,產品部,C001,3,66943;63211;66396
E201,Caroline Lewis,Caroline Lewis,F,47,營運部,C001,2,68450;64498;69687
E202,Chloe Miller,Chloe Miller,F,47,財務部,C001,2,63699;69532;71460
E203,Diana Nelson,Diana Nelson,F,47,工程部,C001,3,67820;65006;71234
E204,Eleanor Owens,Eleanor Owens,F,47,人資部,C001,3,67516;63638;62855
E205,Eva Parker,Eva Parker,F,47,業務部,C001,3,64270;67362;69205
E206,Florence Quinn,Florence Quinn,F,47,行政部,C001,3,62309;64979;65548
E207,Georgia Roberts,Georgia Roberts,F,48,客服部,C001,3,63323;69574;62945
E208,Hazel Scott,Hazel Scott,F,48,產品部,C001,2,70534;63481;62573
E209,Isabel Turner,Isabel Turner,F,48,營運部,C001,3,62231;69022;63802
E210,Julia Underwood,Julia Underwood,F,48,財務部,C001,2,64664;71722;70686
E211,Katherine Walker,Katherine Walker,F,48,工程部,C001,3,70292;65210;67232
E212,Lily Young,Lily Young,F,48,人資部,C001,3,68270;66439;67236
E213,Madeline Adams,Madeline Adams,F,48,業務部,C001,3,68920
E214,Natalie Brooks,Natalie Brooks,F,49,行政部,C001,3,65585;64871;65450
E215,Penelope Cooper,Penelope Cooper,F,49,客服部,C001,2,71657;62707;71476
E216,Rachel Diaz,Rachel Diaz,F,49,產品部,C001,2,69237;67718;65036
E217,Sarah Evans,Sarah Evans,F,49,營運部,C001,3,70597;71832;63569
E218,Teresa Ford,Teresa Ford,F,49,財務部,C001,3,70774;71828;64526
E219,Vanessa Green,Vanessa Green,F,49,工程部,C001,3,68285
E220,Wendy Hill,Wendy Hill,F,50,人資部,C001,2,70999;66104;67863
E221,Zoe James,Zoe James,F,50,業務部,C001,2,63744;64968;69409
E222,Kelly Knight,Kelly Knight,F,50,行政部,C001,2,68127;62773;70587
E223,Amy Lopez,Amy Lopez,F,50,客服部,C001,2,71580;63860;63948
E224,Bella Moore,Bella Moore,F,50,產品部,C001,3,69329;65951;64072
E225,Claire Price,Claire Price,F,50,營運部,C001,3,66386;69413;67081
E226,Daisy Reed,Daisy Reed,F,50,財務部,C001,3,69867;69502;63365
E227,Emily Stewart,Emily Stewart,F,50,工程部,C001,3,66241;70473;71789
E228,Fiona Ward,Fiona Ward,F,50,人資部,C001,3,67239;64843;71072
E229,Grace Bell,Grace Bell,F,50,業務部,C001,3,64604;65754;71787
E230,Hannah Coleman,Hannah Coleman,F,51,行政部,C001,2,71065;66914;62809
E231,Ivy Fisher,Ivy Fisher,F,51,客服部,C001,2,67237;65199;67632
E232,Jenny Gray,Jenny Gray,F,51,產品部,C001,3,71640;70590;63442
E233,Laura Hayes,Laura Hayes,F,51,營運部,C001,3,68676;67925;67315
E234,Mia Morgan,Mia Morgan,F,51,財務部,C001,2,62411;70301;64396
E235,Nina Russell,Nina Russell,F,51,工程部,C001,3,71559;69711;70421
E236,Olivia Watson,Olivia Watson,F,51,人資部,C001,3,63550;63326;62764
E237,Peggy Anderson,Peggy Anderson,F,51,業務部,C001,3,65009;64161
E238,Queenie Baker,Queenie Baker,F,52,行政部,C001,2,71048;66848;71037
E239,Ruby Carter,Ruby Carter,F,52,客服部,C001,2,66536;70627;66568
E240,Sophie Davis,Sophie Davis,F,52,產品部,C001,2,64315;71306;70191
E241,Harper Edwards,Harper Edwards,F,52,營運部,C001,2,65375;64904;66451
E242,Abigail Foster,Abigail Foster,F,52,財務部,C001,2,63923;69391;65797
E243,Audrey Garcia,Audrey Garcia,F,52,工程部,C001,2,62596;71803;62792
E244,Beatrice Harris,Beatrice Harris,F,52,人資部,C001,3,69941;70443;71781
E245,Caroline Irving,Caroline Irving,F,53,業務部,C001,2,66310;63941;66687
E246,Chloe Johnson,Chloe Johnson,F,53,行政部,C001,2,69789;68720;71238
E247,Diana King,Diana King,F,53,客服部,C001,2,70804;70163;62859
E248,Eleanor Lewis,Eleanor Lewis,F,53,產品部,C001,3,71825;65737;62399
E249,Eva Miller,Eva Miller,F,53,營運部,C001,3,70033;68992;65782
E250,Florence Nelson,Florence Nelson,F,53,財務部,C001,3,70335
E251,Georgia Owens,Georgia Owens,F,54,工程部,C001,2,64954;63040;66558
E252,Hazel Parker,Hazel Parker,F,54,人資部,C001,2,65688;71328;66000
E253,Isabel Quinn,Isabel Quinn,F,54,業務部,C001,2,63515;71891;63551
E254,Julia Roberts,Julia Roberts,F,54,行政部,C001,3,71420;66869;63124
E255,Katherine Scott,Katherine Scott,F,54,客服部,C001,3,63684;63002;64089
E256,Lily Turner,Lily Turner,F,54,產品部,C001,3,71321;68884;65331
E257,Madeline Underwood,Madeline Underwood,F,54,營運部,C001,3,71527;66597;64857
E258,Natalie Walker,Natalie Walker,F,54,財務部,C001,3,66873
E259,Penelope Young,Penelope Young,F,55,工程部,C001,2,62941;67113;68714
E260,Rachel Adams,Rachel Adams,F,55,人資部,C001,2,62683;63296;66362
E261,Sarah Brooks,Sarah Brooks,F,55,業務部,C001,2,70008;67192;69823
E262,Teresa Cooper,Teresa Cooper,F,55,行政部,C001,3,71222;67395;70959
E263,Vanessa Diaz,Vanessa Diaz,F,55,客服部,C001,3,69973;64459
E264,Wendy Evans,Wendy Evans,F,56,產品部,C001,3,67390;63510;68769
E265,Zoe Ford,Zoe Ford,F,56,營運部,C001,2,67779;64286;67534
E266,Kelly Green,Kelly Green,F,56,財務部,C001,2,62560;68191;69991
E267,Amy Hill,Amy Hill,F,56,工程部,C001,2,66798;71849;68227
E268,Bella James,Bella James,F,56,人資部,C001,3,67283;64978;66191
E269,Claire Knight,Claire Knight,F,56,業務部,C001,3,71302;70670;64235
E270,Daisy Lopez,Daisy Lopez,F,56,行政部,C001,3,69452
E271,Emily Moore,Emily Moore,F,57,客服部,C001,2,66056;65145;68512
E272,Fiona Price,Fiona Price,F,57,產品部,C001,2,62282;64504;65784
E273,Grace Reed,Grace Reed,F,57,營運部,C001,3,70398;71103;62881
E274,Hannah Stewart,Hannah Stewart,F,57,財務部,C001,3,69536;62864;69176
E275,Ivy Ward,Ivy Ward,F,57,工程部,C001,3,70710;66759;68864
E276,Jenny Bell,Jenny Bell,F,57,人資部,C001,3,71839
E277,Laura Coleman,Laura Coleman,F,58,業務部,C001,2,67417;64828;63820
E278,Mia Fisher,Mia Fisher,F,58,行政部,C001,2,68394;68488;68176
E279,Nina Gray,Nina Gray,F,58,客服部,C001,3,69637;69279;63614
E280,Olivia Hayes,Olivia Hayes,F,58,產品部,C001,3,69320;71584;68171
E281,Peggy Morgan,Peggy Morgan,F,58,營運部,C001,3,67380;69077
E282,Queenie Russell,Queenie Russell,F,59,財務部,C001,2,63082;64602;69402
E283,Ruby Watson,Ruby Watson,F,59,工程部,C001,2,64548;67919;69011
E284,Sophie Anderson,Sophie Anderson,F,59,人資部,C001,2,68908;66378;70890
E285,Harper Baker,Harper Baker,F,59,業務部,C001,3,64154;69365;64606
E286,Abigail Carter,Abigail Carter,F,59,行政部,C001,3,64931;65188;65014
E287,Audrey Davis,Audrey Davis,F,59,客服部,C001,3,63957;64055
E288,Beatrice Edwards,Beatrice Edwards,F,60,產品部,C001,2,66785;65473;64669
E289,Caroline Foster,Caroline Foster,F,60,營運部,C001,2,66713;63685;65963
E290,Chloe Garcia,Chloe Garcia,F,60,財務部,C001,2,64908;68013;71379
E291,Diana Harris,Diana Harris,F,60,工程部,C001,3,67577;63188;65594
E292,Eleanor Irving,Eleanor Irving,F,60,人資部,C001,3,71509;67978;70329
E293,Eva Johnson,Eva Johnson,F,60,業務部,C001,3,70464;68972;66162
E294,Florence King,Florence King,F,60,行政部,C001,3,65334;70387;69777
E295,Georgia Lewis,Georgia Lewis,F,60,客服部,C001,3,63890;65433;70725
E296,Hazel Miller,Hazel Miller,F,61,產品部,C001,2,69569;63463;64381
E297,Isabel Nelson,Isabel Nelson,F,61,營運部,C001,2,70160;63293;70405
E298,Julia Owens,Julia Owens,F,61,財務部,C001,3,68553;64948;65992
E299,Katherine Parker,Katherine Parker,F,61,工程部,C001,3,62491;65800;66238
E300,Lily Quinn,Lily Quinn,F,61,人資部,C001,3,69047
E301,Madeline Roberts,Madeline Roberts,F,62,業務部,C001,2,67098;63152;69227
E302,Natalie Scott,Natalie Scott,F,62,行政部,C001,2,64263;66876;67603
E303,Penelope Turner,Penelope Turner,F,62,客服部,C001,3,66938;64034;62526
E304,Rachel Underwood,Rachel Underwood,F,62,產品部,C001,3,70175;64024;62209
E305,Sarah Walker,Sarah Walker,F,62,營運部,C001,3,71069;63909;63723
E306,Teresa Young,Teresa Young,F,62,財務部,C001,3,67501;67480;63385
E307,Vanessa Adams,Vanessa Adams,F,62,工程部,C001,3,67766;64021;62682
E308,Wendy Brooks,Wendy Brooks,F,62,人資部,C001,3,63566;65562
E309,Zoe Cooper,Zoe Cooper,F,63,業務部,C001,2,67698;68593;66290
E310,Kelly Diaz,Kelly Diaz,F,63,行政部,C001,3,67986;66644;66194
E311,Amy Evans,Amy Evans,F,63,客服部,C001,3,71076;64194;65547
E312,Bella Ford,Bella Ford,F,63,產品部,C001,3,66210;68263;65974
E313,Claire Green,Claire Green,F,63,營運部,C001,3,69667;66929;69753
E314,Daisy Hill,Daisy Hill,F,63,財務部,C001,3,68966;63781;71522
E315,Emily James,Emily James,F,63,工程部,C001,3,71371;66140;65705
E316,Fiona Knight,Fiona Knight,F,63,人資部,C001,3,62937;70498;68066
E317,Grace Lopez,Grace Lopez,F,63,業務部,C001,3,64419
E318,Hannah Moore,Hannah Moore,F,64,行政部,C001,2,71633;68946;68961
E319,Ivy Price,Ivy Price,F,64,客服部,C001,2,67112;63828;71244
E320,Jenny Reed,Jenny Reed,F,64,產品部,C001,2,68485;68661;71005
E321,Laura Stewart,Laura Stewart,F,64,營運部,C001,3,65427;68341;66230
E322,Mia Ward,Mia Ward,F,64,財務部,C001,3,67483;69301;69644
E323,Nina Bell,Nina Bell,F,64,工程部,C001,3,66254;65460;66043
E324,Olivia Coleman,Olivia Coleman,F,64,人資部,C001,3,64923;67373;71284
E325,Peggy Fisher,Peggy Fisher,F,64,業務部,C001,3,63887
E326,Queenie Gray,Queenie Gray,F,65,行政部,C001,2,65492;70661;68565
E327,Ruby Hayes,Ruby Hayes,F,65,客服部,C001,3,69488;71430;68404
E328,Sophie Morgan,Sophie Morgan,F,65,產品部,C001,3,65927;63363;69511
E329,Harper Russell,Harper Russell,F,65,營運部,C001,3,68947;62215;69755
E330,Abigail Watson,Abigail Watson,F,65,財務部,C001,3,71898;67952;66838
E331,Audrey Anderson,Audrey Anderson,F,65,工程部,C001,3,66071;64290;71087
E332,Beatrice Baker,Beatrice Baker,F,66,人資部,C001,2,69783;65954;69474
E333,Caroline Carter,Caroline Carter,F,66,業務部,C001,3,63107;69669;63689
E334,Chloe Davis,Chloe Davis,F,66,行政部,C001,3,69740;68028;63112
E335,Diana Edwards,Diana Edwards,F,66,客服部,C001,3,69203;62982;67037
E336,Eleanor Foster,Eleanor Foster,F,66,產品部,C001,3,65869;68069
E337,Eva Garcia,Eva Garcia,F,67,營運部,C001,2,67011;67887;66126
E338,Florence Harris,Florence Harris,F,67,財務部,C001,3,65758;67696;63221
E339,Georgia Irving,Georgia Irving,F,67,工程部,C001,2,71310;69486;70248
E340,Hazel Johnson,Hazel Johnson,F,67,人資部,C001,3,67580;69430;71542
E341,Isabel King,Isabel King,F,67,業務部,C001,3,69088
E342,Julia Lewis,Julia Lewis,F,68,行政部,C001,2,64157;63345;70949
E343,Katherine Miller,Katherine Miller,F,68,客服部,C001,2,63172;71132;68767
E344,Lily Nelson,Lily Nelson,F,68,產品部,C001,3,71887;64298;70635
E345,Madeline Owens,Madeline Owens,F,68,營運部,C001,3,68446;64059;66743
E346,Natalie Parker,Natalie Parker,F,68,財務部,C001,3,68017;62900;65098
E347,Penelope Quinn,Penelope Quinn,F,68,工程部,C001,3,67243;64734;62378
E348,Rachel Roberts,Rachel Roberts,F,68,人資部,C001,3,68447
E349,Sarah Scott,Sarah Scott,F,69,業務部,C001,2,66280;67481;71308
E350,Teresa Turner,Teresa Turner,F,69,行政部,C001,2,66875;68513;70219
E351,Vanessa Underwood,Vanessa Underwood,F,69,客服部,C001,3,68452;66429;69288
E352,Wendy Walker,Wendy Walker,F,69,產品部,C001,3,70575;64854;68330
E353,Zoe Young,Zoe Young,F,69,營運部,C001,3,64127;62295;63982
E354,Kelly Adams,Kelly Adams,F,70,財務部,C001,2,66515;66036;68627
E355,Amy Brooks,Amy Brooks,F,70,工程部,C001,2,67629;66456;68626
E356,Bella Cooper,Bella Cooper,F,70,人資部,C001,3,67285;69666;71702
E357,Claire Diaz,Claire Diaz,F,70,業務部,C001,3,67189;69553;63156
E358,Daisy Evans,Daisy Evans,F,70,行政部,C001,3,67647;70664;68689
E359,Emily Ford,Emily Ford,F,70,客服部,C001,3,69815;71438;65421
E360,Fiona Green,Fiona Green,F,70,產品部,C001,3,64559;63837;62397
E361,Grace Hill,Grace Hill,F,71,營運部,C001,2,67532;71066;69645
E362,Hannah James,Hannah James,F,71,財務部,C001,3,65394;70445;65005
E363,Ivy Knight,Ivy Knight,F,71,工程部,C001,3,71497;63329;63739
E364,Jenny Lopez,Jenny Lopez,F,71,人資部,C001,3,67055;66728;66321
E365,Laura Moore,Laura Moore,F,71,業務部,C001,3,63083;62732;62474
E366,Mia Price,Mia Price,F,72,行政部,C001,2,65384;62278;66817
E367,Nina Reed,Nina Reed,F,72,客服部,C001,3,66095;62593
E368,Olivia Stewart,Olivia Stewart,F,73,產品部,C001,2,68675;69861;68356
E369,Peggy Ward,Peggy Ward,F,73,營運部,C001,3,65660;67772;71675
E370,Queenie Bell,Queenie Bell,F,73,財務部,C001,3,65289;66563;65764
E371,Ruby Coleman,Ruby Coleman,F,73,工程部,C001,3,67258
E372,Sophie Fisher,Sophie Fisher,F,74,人資部,C001,3,70961;63543;65571
E373,Harper Gray,Harper Gray,F,74,業務部,C001,3,65087;70059;66058
E374,Abigail Hayes,Abigail Hayes,F,74,行政部,C001,3,62876;63036;66436
E375,Audrey Morgan,Audrey Morgan,F,74,客服部,C001,3,68922;68091
E376,Beatrice Russell,Beatrice Russell,F,75,產品部,C001,3,68645;70676;64536
E377,Caroline Watson,Caroline Watson,F,75,營運部,C001,3,69989;68845;69964
E378,Chloe Anderson,Chloe Anderson,F,76,財務部,C001,3,65032;62471;67975
E379,Diana Baker,Diana Baker,F,76,工程部,C001,3,67454;70565;71135
E380,Eleanor Carter,Eleanor Carter,F,76,人資部,C001,3,71691;64198;71353
E381,Eva Davis,Eva Davis,F,76,業務部,C001,3,65911
E382,Florence Edwards,Florence Edwards,F,77,行政部,C001,2,65201;70863;67264
E383,Georgia Foster,Georgia Foster,F,77,客服部,C001,3,69005;66331;67414
E384,Hazel Garcia,Hazel Garcia,F,77,產品部,C001,3,71777;62217;71826
E385,Isabel Harris,Isabel Harris,F,77,營運部,C001,3,68506
E386,Julia Irving,Julia Irving,F,78,財務部,C001,2,71141;62308;70916
E387,Katherine Johnson,Katherine Johnson,F,78,工程部,C001,3,68902;69278;63010
E388,Lily King,Lily King,F,78,人資部,C001,3,62377;63287;67872
E389,Madeline Lewis,Madeline Lewis,F,78,業務部,C001,3,63838;68203;68495
E390,Natalie Miller,Natalie Miller,F,79,行政部,C001,3,65650;68068;69431
E391,Penelope Nelson,Penelope Nelson,F,79,客服部,C001,2,67877;63997;68944
E392,Rachel Owens,Rachel Owens,F,79,產品部,C001,3,68682;67819;68453
E393,Sarah Parker,Sarah Parker,F,79,營運部,C001,3,70721
E394,Teresa Quinn,Teresa Quinn,F,80,財務部,C001,2,68247;63360;62861
E395,Vanessa Roberts,Vanessa Roberts,F,80,工程部,C001,3,68529;65058;70118
E396,Wendy Scott,Wendy Scott,F,80,人資部,C001,2,71750;64364;69831
E397,Zoe Turner,Zoe Turner,F,80,業務部,C001,3,68952;70351;67587
E398,Kelly Underwood,Kelly Underwood,F,80,行政部,C001,2,64463;63632;62883
E399,Amy Walker,Amy Walker,F,80,客服部,C001,2,68115;62602;63285
E400,Bella Young,Bella Young,F,80,產品部,C001,2,69164;71483;65051
E401,Claire Adams,Claire Adams,F,80,營運部,C001,2,62409;70151;66518
E402,Daisy Brooks,Daisy Brooks,F,80,財務部,C001,2,68032;62585;69925
E403,Emily Cooper,Emily Cooper,F,80,工程部,C001,3,68868;68912;68824
E404,Fiona Diaz,Fiona Diaz,F,80,人資部,C001,3,67822;70415;65955
E405,Grace Evans,Grace Evans,F,80,業務部,C001,3,68981;66763;70991
E406,Hannah Ford,Hannah Ford,F,80,行政部,C001,3,70349;67209;67885
E407,Ivy Green,Ivy Green,F,80,客服部,C001,3,65892;67598;63203
E408,Jenny Hill,Jenny Hill,F,80,產品部,C001,3,62510;68143;65772
E409,Laura James,Laura James,F,80,營運部,C001,3,65374;62727;71470
E410,Mia Knight,Mia Knight,F,80,財務部,C001,3,64113;66066;67222
E411,Nina Lopez,Nina Lopez,F,80,工程部,C001,3,68064
E412,Aaron Baker,Aaron Baker,M,20,人資部,C001,2,70306;69161;65988
E413,Adam Carter,Adam Carter,M,20,業務部,C001,2,67966;69910;63387
E414,Alan Davis,Alan Davis,M,20,行政部,C001,2,70966;66819;67397
E415,Andrew Edwards,Andrew Edwards,M,20,客服部,C001,2,67322;71778;68574
E416,Arthur Foster,Arthur Foster,M,20,產品部,C001,2,62393;69463;62424
E417,Benjamin Garcia,Benjamin Garcia,M,20,營運部,C001,3,69380;68964;69343
E418,Dylan Harris,Dylan Harris,M,20,財務部,C001,3,66927;70483;63944
E419,Jason Irving,Jason Irving,M,21,工程部,C001,2,65141;62370;63056
E420,Kevin Johnson,Kevin Johnson,M,21,人資部,C001,2,63719;62169;70758
E421,Brian King,Brian King,M,21,業務部,C001,2,64345;69152;66083
E422,Daniel Lewis,Daniel Lewis,M,21,行政部,C001,2,65752;64816;71097
E423,Eric Miller,Eric Miller,M,21,客服部,C001,2,71136;64892;67106
E424,George Nelson,George Nelson,M,21,產品部,C001,2,70678;63030;66320
E425,Henry Owens,Henry Owens,M,21,營運部,C001,2,67902;67308;69599
E426,Ian Parker,Ian Parker,M,21,財務部,C001,3,66464;66861;63960
E427,Jack Quinn,Jack Quinn,M,21,工程部,C001,3,64632;68847
E428,Leo Roberts,Leo Roberts,M,22,人資部,C001,2,65931;63562;69031
E429,Mark Scott,Mark Scott,M,22,業務部,C001,2,69520;67420;62161
E430,Nathan Turner,Nathan Turner,M,22,行政部,C001,2,65177;68738;69339
E431,Oscar Underwood,Oscar Underwood,M,22,客服部,C001,2,62475;69893;64672
E432,Peter Walker,Peter Walker,M,22,產品部,C001,2,64951;71365;64029
E433,Ryan Young,Ryan Young,M,22,營運部,C001,3,62916;66551;70202
E434,Sean Adams,Sean Adams,M,22,財務部,C001,3,62332
E435,Victor Brooks,Victor Brooks,M,23,工程部,C001,2,65368;63529;66795
E436,William Cooper,William Cooper,M,23,人資部,C001,2,65726;65416;62524
E437,Charles Diaz,Charles Diaz,M,23,業務部,C001,2,62421;69630;69581
E438,David Evans,David Evans,M,23,行政部,C001,2,63762;67067;62930
E439,Edward Ford,Edward Ford,M,23,客服部,C001,3,66013;67844;71757
E440,Felix Green,Felix Green,M,23,產品部,C001,3,62565;65625
E441,Gavin Hill,Gavin Hill,M,24,營運部,C001,2,64382;70230;71769
E442,Howard James,Howard James,M,24,財務部,C001,2,67915;68760;71874
E443,Isaac Knight,Isaac Knight,M,24,工程部,C001,2,63984;65049;68451
E444,Jeremy Lopez,Jeremy Lopez,M,24,人資部,C001,2,70399;69277;64831
E445,Lucas Moore,Lucas Moore,M,24,業務部,C001,2,63050;70282;65269
E446,Martin Price,Martin Price,M,24,行政部,C001,2,63133;65270;67338
E447,Noah Reed,Noah Reed,M,24,客服部,C001,3,70573;70381;63117
E448,Owen Stewart,Owen Stewart,M,24,產品部,C001,3,65774;71249;70481
E449,Philip Ward,Philip Ward,M,24,營運部,C001,3,70261
E450,Quentin Bell,Quentin Bell,M,25,財務部,C001,2,68765;66094;63023
E451,Robert Coleman,Robert Coleman,M,25,工程部,C001,2,64370;70908;67538
E452,Steven Fisher,Steven Fisher,M,25,人資部,C001,2,69395;65457;65783
E453,Thomas Gray,Thomas Gray,M,25,業務部,C001,2,69387;63642;69446
E454,Vincent Hayes,Vincent Hayes,M,25,行政部,C001,2,68469;66103;71474
E455,Wesley Morgan,Wesley Morgan,M,25,客服部,C001,3,71658;70967;70225
E456,Zachary Russell,Zachary Russell,M,25,產品部,C001,3,70812;70494
E457,Ken Watson,Ken Watson,M,26,營運部,C001,2,69546;62184;68601
E458,Aaron Anderson,Aaron Anderson,M,26,財務部,C001,2,68706;69603;69560
E459,Adam Baker,Adam Baker,M,26,工程部,C001,2,67318;68711;69679
E460,Alan Carter,Alan Carter,M,26,人資部,C001,2,63340;66234;67083
E461,Andrew Davis,Andrew Davis,M,26,業務部,C001,3,65741
E462,Arthur Edwards,Arthur Edwards,M,27,行政部,C001,2,66904;68797;64768
E463,Benjamin Foster,Benjamin Foster,M,27,客服部,C001,2,66136;62851;64994
E464,Dylan Garcia,Dylan Garcia,M,27,產品部,C001,2,71393;70751;64158
E465,Jason Harris,Jason Harris,M,27,營運部,C001,2,63220;67917;69266
E466,Kevin Irving,Kevin Irving,M,27,財務部,C001,2,65539;65745;68502
E467,Brian Johnson,Brian Johnson,M,27,工程部,C001,3,65565;63841;62430
E468,Daniel King,Daniel King,M,27,人資部,C001,3,71911;70328;69649
E469,Eric Lewis,Eric Lewis,M,28,業務部,C001,2,64524;65575;63308
E470,George Miller,George Miller,M,28,行政部,C001,2,63302;62777;71217
E471,Henry Nelson,Henry Nelson,M,28,客服部,C001,2,68693;62494;70737
E472,Ian Owens,Ian Owens,M,28,產品部,C001,3,63451;63127;69653
E473,Jack Parker,Jack Parker,M,28,營運部,C001,2,64037;67840;71909
E474,Leo Quinn,Leo Quinn,M,28,財務部,C001,3,67756;65436;68623
E475,Mark Roberts,Mark Roberts,M,28,工程部,C001,3,62205;67463
E476,Nathan Scott,Nathan Scott,M,29,人資部,C001,2,64326;62288;63057
E477,Oscar Turner,Oscar Turner,M,29,業務部,C001,2,71206;68493;63690
E478,Peter Underwood,Peter Underwood,M,29,行政部,C001,2,67488;65299;71185
E479,Ryan Walker,Ryan Walker,M,29,客服部,C001,2,67134;70006;70448
E480,Sean Young,Sean Young,M,29,產品部,C001,2,62339;66811;64746
E481,Victor Adams,Victor Adams,M,29,營運部,C001,2,71582;62763;66685
E482,William Brooks,William Brooks,M,29,財務部,C001,3,64234;64720;62632
E483,Charles Cooper,Charles Cooper,M,30,工程部,C001,2,63787;63613;65286
E484,David Diaz,David Diaz,M,30,人資部,C001,2,65812;69704;71395
E485,Edward Evans,Edward Evans,M,30,業務部,C001,2,68140;70536;63051
E486,Felix Ford,Felix Ford,M,30,行政部,C001,2,71272;68516;69379
E487,Gavin Green,Gavin Green,M,30,客服部,C001,3,62771;66716;69827
E488,Howard Hill,Howard Hill,M,30,產品部,C001,2,63657;70476;70125
E489,Isaac James,Isaac James,M,30,營運部,C001,3,69336;69259;67200
E490,Jeremy Knight,Jeremy Knight,M,30,財務部,C001,3,66679;67972;70753
E491,Lucas Lopez,Lucas Lopez,M,30,工程部,C001,3,65889;62286
E492,Martin Moore,Martin Moore,M,31,人資部,C001,2,64914;69594;71895
E493,Noah Price,Noah Price,M,31,業務部,C001,2,65194;66788;62691
E494,Owen Reed,Owen Reed,M,31,行政部,C001,2,68937;70545;68180
E495,Philip Stewart,Philip Stewart,M,31,客服部,C001,2,65229;68840;64025
E496,Quentin Ward,Quentin Ward,M,31,產品部,C001,2,64266;66712;67778
E497,Robert Bell,Robert Bell,M,31,營運部,C001,2,63983;68273;64916
E498,Steven Coleman,Steven Coleman,M,31,財務部,C001,2,69097;63338;63669
E499,Thomas Fisher,Thomas Fisher,M,31,工程部,C001,2,65149;64336;70523
E500,Vincent Gray,Vincent Gray,M,31,人資部,C001,3,64000;68314;66487
E501,Wesley Hayes,Wesley Hayes,M,32,業務部,C001,2,70842;68412;71208
E502,Zachary Morgan,Zachary Morgan,M,32,行政部,C001,2,71472;65106;70267
E503,Ken Russell,Ken Russell,M,32,客服部,C001,2,71866;70980;63531
E504,Aaron Watson,Aaron Watson,M,32,產品部,C001,2,62464;70014;64832
E505,Adam Anderson,Adam Anderson,M,32,營運部,C001,3,64765;67699;64451
E506,Alan Baker,Alan Baker,M,32,財務部,C001,3,64485;63489;66109
E507,Andrew Carter,Andrew Carter,M,33,工程部,C001,2,65402;67143;71433
E508,Arthur Davis,Arthur Davis,M,33,人資部,C001,2,63753;71529;65091
E509,Benjamin Edwards,Benjamin Edwards,M,33,業務部,C001,2,69732;65678;71218
E510,Dylan Foster,Dylan Foster,M,33,行政部,C001,3,70626;69393;71810
E511,Jason Garcia,Jason Garcia,M,33,客服部,C001,3,70408;68744;69034
E512,Kevin Harris,Kevin Harris,M,33,產品部,C001,2,69236;67526;66699
E513,Brian Irving,Brian Irving,M,33,營運部,C001,3,68917
E514,Daniel Johnson,Daniel Johnson,M,34,財務部,C001,2,70485;66933;68781
E515,Eric King,Eric King,M,34,工程部,C001,2,66505;66089;67494
E516,George Lewis,George Lewis,M,34,人資部,C001,2,68860;70788;70548
E517,Henry Miller,Henry Miller,M,34,業務部,C001,2,62250;67893;63849
E518,Ian Nelson,Ian Nelson,M,34,行政部,C001,3,70161;63602;69200
E519,Jack Owens,Jack Owens,M,34,客服部,C001,3,66591;68652;63916
E520,Leo Parker,Leo Parker,M,35,產品部,C001,2,65909;71368;62661
E521,Mark Quinn,Mark Quinn,M,35,營運部,C001,2,71531;65262;67719
E522,Nathan Roberts,Nathan Roberts,M,35,財務部,C001,2,71885;68474;63041
E523,Oscar Scott,Oscar Scott,M,35,工程部,C001,2,70213;66335;62195
E524,Peter Turner,Peter Turner,M,35,人資部,C001,2,64203;71324;63218
E525,Ryan Underwood,Ryan Underwood,M,35,業務部,C001,3,62502;69793;65738
E526,Sean Walker,Sean Walker,M,35,行政部,C001,3,64803;63936;62386
E527,Victor Young,Victor Young,M,35,客服部,C001,3,70326;71428
E528,William Adams,William Adams,M,36,產品部,C001,2,64648;64620;63571
E529,Charles Brooks,Charles Brooks,M,36,營運部,C001,3,62202;71119;66961
E530,David Cooper,David Cooper,M,36,財務部,C001,3,62357;68353;66032
E531,Edward Diaz,Edward Diaz,M,36,工程部,C001,2,68602;66924;69647
E532,Felix Evans,Felix Evans,M,36,人資部,C001,3,65910;71813;63736
E533,Gavin Ford,Gavin Ford,M,36,業務部,C001,3,68337;71197;65876
E534,Howard Green,Howard Green,M,37,行政部,C001,2,66460;69680;63305
E535,Isaac Hill,Isaac Hill,M,37,客服部,C001,2,69027;63167;64095
E536,Jeremy James,Jeremy James,M,37,產品部,C001,2,63214;62744;64427
E537,Lucas Knight,Lucas Knight,M,37,營運部,C001,2,68170;64213;62694
E538,Martin Lopez,Martin Lopez,M,37,財務部,C001,2,64567;67193;65823
E539,Noah Moore,Noah Moore,M,37,工程部,C001,3,65355;70196;64839
E540,Owen Price,Owen Price,M,37,人資部,C001,3,71372;66334
E541,Philip Reed,Philip Reed,M,38,業務部,C001,2,70058;62208;71042
E542,Quentin Stewart,Quentin Stewart,M,38,行政部,C001,2,69472;63077;71767
E543,Robert Ward,Robert Ward,M,38,客服部,C001,3,69633;71863;69983
E544,Steven Bell,Steven Bell,M,38,產品部,C001,3,64621;65061;68173
E545,Thomas Coleman,Thomas Coleman,M,38,營運部,C001,3,67474;64805
E546,Vincent Fisher,Vincent Fisher,M,39,財務部,C001,2,69018;62512;66766
E547,Wesley Gray,Wesley Gray,M,39,工程部,C001,2,70604;63219;62316
E548,Zachary Hayes,Zachary Hayes,M,39,人資部,C001,2,62735;70973;66311
E549,Ken Morgan,Ken Morgan,M,39,業務部,C001,2,71250;64222;63196
E550,Aaron Russell,Aaron Russell,M,39,行政部,C001,3,67214;69286;64042
E551,Adam Watson,Adam Watson,M,39,客服部,C001,2,63534;69872;65787
E552,Alan Anderson,Alan Anderson,M,39,產品部,C001,2,65320;63209;67793
E553,Andrew Baker,Andrew Baker,M,39,營運部,C001,3,68751;68978;67121
E554,Arthur Carter,Arthur Carter,M,39,財務部,C001,3,63946;68052;70871
E555,Benjamin Davis,Benjamin Davis,M,39,工程部,C001,3,70906;66777
E556,Dylan Edwards,Dylan Edwards,M,40,人資部,C001,2,70914;66911;70217
E557,Jason Foster,Jason Foster,M,40,業務部,C001,2,71763;67591;69607
E558,Kevin Garcia,Kevin Garcia,M,40,行政部,C001,2,62528;62476;66585
E559,Brian Harris,Brian Harris,M,40,客服部,C001,2,69943;71413;63700
E560,Daniel Irving,Daniel Irving,M,40,產品部,C001,2,65530;63281;70489
E561,Eric Johnson,Eric Johnson,M,40,營運部,C001,3,62384;63560;63003
E562,George King,George King,M,40,財務部,C001,3,65310
E563,Henry Lewis,Henry Lewis,M,41,工程部,C001,2,65412;70996;67199
E564,Ian Miller,Ian Miller,M,41,人資部,C001,2,64584;68833;63697
E565,Jack Nelson,Jack Nelson,M,41,業務部,C001,2,71155;69037;66642
E566,Leo Owens,Leo Owens,M,41,行政部,C001,2,71359;63607;63147
E567,Mark Parker,Mark Parker,M,41,客服部,C001,2,71578;62817;66289
E568,Nathan Quinn,Nathan Quinn,M,41,產品部,C001,3,63559;63959;70644
E569,Oscar Roberts,Oscar Roberts,M,41,營運部,C001,2,63954;68478;67392
E570,Peter Scott,Peter Scott,M,41,財務部,C001,3,70049
E571,Ryan Turner,Ryan Turner,M,42,工程部,C001,2,64897;64802;67058
E572,Sean Underwood,Sean Underwood,M,42,人資部,C001,2,65341;64247;70561
E573,Victor Walker,Victor Walker,M,42,業務部,C001,3,66653;69702;68572
E574,William Young,William Young,M,42,行政部,C001,2,65052;70130;65485
E575,Charles Adams,Charles Adams,M,42,客服部,C001,3,69324;64192;69778
E576,David Brooks,David Brooks,M,42,產品部,C001,3,64682;67184;71388
E577,Edward Cooper,Edward Cooper,M,42,營運部,C001,3,66981;67349;65074
E578,Felix Diaz,Felix Diaz,M,43,財務部,C001,2,65230;68827;66317
E579,Gavin Evans,Gavin Evans,M,43,工程部,C001,2,68581;71868;71478
E580,Howard Ford,Howard Ford,M,43,人資部,C001,3,68401;65113;66377
E581,Isaac Green,Isaac Green,M,43,業務部,C001,3,62480;70437;70653
E582,Jeremy Hill,Jeremy Hill,M,43,行政部,C001,3,63845;69863;69054
E583,Lucas James,Lucas James,M,43,客服部,C001,3,63673;69229;65195
E584,Martin Knight,Martin Knight,M,43,產品部,C001,3,63771
E585,Noah Lopez,Noah Lopez,M,44,營運部,C001,2,69803;65156;66177
E586,Owen Moore,Owen Moore,M,44,財務部,C001,2,63126;69427;62495
E587,Philip Price,Philip Price,M,44,工程部,C001,3,70982;70409;62847
E588,Quentin Reed,Quentin Reed,M,44,人資部,C001,2,67273;68133;64325
E589,Robert Stewart,Robert Stewart,M,44,業務部,C001,3,68696;66438;64281
E590,Steven Ward,Steven Ward,M,44,行政部,C001,3,64228;63992;71315
E591,Thomas Bell,Thomas Bell,M,45,客服部,C001,2,71336;66259;65182
E592,Vincent Coleman,Vincent Coleman,M,45,產品部,C001,2,65202;68354;66552
E593,Wesley Fisher,Wesley Fisher,M,45,營運部,C001,3,70941;68109;66201
E594,Zachary Gray,Zachary Gray,M,45,財務部,C001,2,67786;65518;64898
E595,Ken Hayes,Ken Hayes,M,45,工程部,C001,3,70969;68752;71841
E596,Aaron Morgan,Aaron Morgan,M,45,人資部,C001,3,67259;69948
E597,Adam Russell,Adam Russell,M,46,業務部,C001,2,70868;69513;68935
E598,Alan Watson,Alan Watson,M,46,行政部,C001,2,65086;64333;68440
E599,Andrew Anderson,Andrew Anderson,M,46,客服部,C001,2,64032;65711;62317
E600,Arthur Baker,Arthur Baker,M,46,產品部,C001,3,65500;67707;64981
E601,Benjamin Carter,Benjamin Carter,M,46,營運部,C001,2,67652;63576;64065
E602,Dylan Davis,Dylan Davis,M,46,財務部,C001,3,70300;70979;67310
E603,Jason Edwards,Jason Edwards,M,46,工程部,C001,3,64877;70761
E604,Kevin Foster,Kevin Foster,M,47,人資部,C001,2,66222;70401;67385
E605,Brian Garcia,Brian Garcia,M,47,業務部,C001,2,64593;64876;66587
E606,Daniel Harris,Daniel Harris,M,47,行政部,C001,2,66240;70825;66702
E607,Eric Irving,Eric Irving,M,47,客服部,C001,2,64446;70394;70223
E608,George Johnson,George Johnson,M,47,產品部,C001,3,63291;66525;70210
E609,Henry King,Henry King,M,47,營運部,C001,3,70295;66494;65669
E610,Ian Lewis,Ian Lewis,M,48,財務部,C001,2,69650;71239;62402
E611,Jack Miller,Jack Miller,M,48,工程部,C001,2,71242;67646;71467
E612,Leo Nelson,Leo Nelson,M,48,人資部,C001,2,63230;68899;64163
E613,Mark Owens,Mark Owens,M,48,業務部,C001,3,71164;71381;62871
E614,Nathan Parker,Nathan Parker,M,48,行政部,C001,3,63633;63341;63159
E615,Oscar Quinn,Oscar Quinn,M,48,客服部,C001,3,63453
E616,Peter Roberts,Peter Roberts,M,49,產品部,C001,2,68462;63466;68570
E617,Ryan Scott,Ryan Scott,M,49,營運部,C001,2,65298;63137;70938
E618,Sean Turner,Sean Turner,M,49,財務部,C001,2,67175;63022;67195
E619,Victor Underwood,Victor Underwood,M,49,工程部,C001,3,69537;67595;65807
E620,William Walker,William Walker,M,49,人資部,C001,3,69896;70529;69347
E621,Charles Young,Charles Young,M,49,業務部,C001,3,67708;69698;70974
E622,David Adams,David Adams,M,50,行政部,C001,2,63145;64782;70950
E623,Edward Brooks,Edward Brooks,M,50,客服部,C001,2,63180;62367;63106
E624,Felix Cooper,Felix Cooper,M,50,產品部,C001,2,62892;69314;68058
E625,Gavin Diaz,Gavin Diaz,M,50,營運部,C001,3,66503;64611;65506
E626,Howard Evans,Howard Evans,M,50,財務部,C001,3,69460;65423;66793
E627,Isaac Ford,Isaac Ford,M,50,工程部,C001,3,62228
E628,Jeremy Green,Jeremy Green,M,51,人資部,C001,2,63330;68825;62177
E629,Lucas Hill,Lucas Hill,M,51,業務部,C001,2,68063;65391;67794
E630,Martin James,Martin James,M,51,行政部,C001,2,70413;64591;71189
E631,Noah Knight,Noah Knight,M,51,客服部,C001,3,67194;67306;70317
E632,Owen Lopez,Owen Lopez,M,51,產品部,C001,2,66341;63439;63383
E633,Philip Moore,Philip Moore,M,51,營運部,C001,3,64769;65085;71101
E634,Quentin Price,Quentin Price,M,52,財務部,C001,2,62708;69701;70562
E635,Robert Reed,Robert Reed,M,52,工程部,C001,2,66261;69864;70493
E636,Steven Stewart,Steven Stewart,M,52,人資部,C001,3,71231;67530;66237
E637,Thomas Ward,Thomas Ward,M,52,業務部,C001,3,71046;67475;69091
E638,Vincent Bell,Vincent Bell,M,52,行政部,C001,3,68501;67740;62265
E639,Wesley Coleman,Wesley Coleman,M,52,客服部,C001,3,69386;64179;70331
E640,Zachary Fisher,Zachary Fisher,M,52,產品部,C001,3,69577;71062
E641,Ken Gray,Ken Gray,M,53,營運部,C001,2,70378;67293;62549
E642,Aaron Hayes,Aaron Hayes,M,53,財務部,C001,3,65352;68571;64439
E643,Adam Morgan,Adam Morgan,M,53,工程部,C001,2,69284;69626;63263
E644,Alan Russell,Alan Russell,M,53,人資部,C001,3,67614;71059;71802
E645,Andrew Watson,Andrew Watson,M,53,業務部,C001,3,70072;69433
E646,Arthur Anderson,Arthur Anderson,M,54,行政部,C001,2,62431;69504;63142
E647,Benjamin Baker,Benjamin Baker,M,54,客服部,C001,2,67144;63519;70599
E648,Dylan Carter,Dylan Carter,M,54,產品部,C001,2,71724;68293;65396
E649,Jason Davis,Jason Davis,M,54,營運部,C001,3,65751;71061;69774
E650,Kevin Edwards,Kevin Edwards,M,54,財務部,C001,3,67056;62522;67776
E651,Brian Foster,Brian Foster,M,54,工程部,C001,3,63504;64998;66079
E652,Daniel Garcia,Daniel Garcia,M,54,人資部,C001,3,63532;62757;68707
E653,Eric Harris,Eric Harris,M,54,業務部,C001,3,68733
E654,George Irving,George Irving,M,55,行政部,C001,2,66582;62860;65505
E655,Henry Johnson,Henry Johnson,M,55,客服部,C001,2,67466;66308;65401
E656,Ian King,Ian King,M,55,產品部,C001,2,69105;64726;65335
E657,Jack Lewis,Jack Lewis,M,55,營運部,C001,2,63859;64963;70046
E658,Leo Miller,Leo Miller,M,55,財務部,C001,3,63701;65135;68874
E659,Mark Nelson,Mark Nelson,M,55,工程部,C001,3,71084;66389;67450
E660,Nathan Owens,Nathan Owens,M,55,人資部,C001,3,70368;69007
E661,Oscar Parker,Oscar Parker,M,56,業務部,C001,2,70111;63759;65205
E662,Peter Quinn,Peter Quinn,M,56,行政部,C001,2,68916;68702;65854
E663,Ryan Roberts,Ryan Roberts,M,56,客服部,C001,3,70755;70605;69884
E664,Sean Scott,Sean Scott,M,56,產品部,C001,3,69137;62291;70303
E665,Victor Turner,Victor Turner,M,56,營運部,C001,3,69256;66473;63665
E666,William Underwood,William Underwood,M,56,財務部,C001,3,71348;68154;69184
E667,Charles Walker,Charles Walker,M,56,工程部,C001,3,64721;69523;70633
E668,David Young,David Young,M,56,人資部,C001,3,64742
E669,Edward Adams,Edward Adams,M,57,業務部,C001,2,71271;71829;71316
E670,Felix Brooks,Felix Brooks,M,57,行政部,C001,2,69151;69514;66725
E671,Gavin Cooper,Gavin Cooper,M,57,客服部,C001,3,68694;68309;65633
E672,Howard Diaz,Howard Diaz,M,57,產品部,C001,3,62199;66462;70109
E673,Isaac Evans,Isaac Evans,M,57,營運部,C001,3,65978
E674,Jeremy Ford,Jeremy Ford,M,58,財務部,C001,2,69307;64376;67343
E675,Lucas Green,Lucas Green,M,58,工程部,C001,2,70684;62737;71656
E676,Martin Hill,Martin Hill,M,58,人資部,C001,2,68808;68499;67841
E677,Noah James,Noah James,M,58,業務部,C001,3,67855;63496;65850
E678,Owen Knight,Owen Knight,M,58,行政部,C001,3,68128;69101;70580
E679,Philip Lopez,Philip Lopez,M,58,客服部,C001,2,68073;63664;63426
E680,Quentin Moore,Quentin Moore,M,58,產品部,C001,3,66268;64651;68022
E681,Robert Price,Robert Price,M,58,營運部,C001,3,71307;64639;65469
E682,Steven Reed,Steven Reed,M,58,財務部,C001,3,69622;69550
E683,Thomas Stewart,Thomas Stewart,M,59,工程部,C001,2,68342;67230;66738
E684,Vincent Ward,Vincent Ward,M,59,人資部,C001,3,63242;65399;67361
E685,Wesley Bell,Wesley Bell,M,59,業務部,C001,3,63195;67930;65804
E686,Zachary Coleman,Zachary Coleman,M,59,行政部,C001,3,68197;67115;68301
E687,Ken Fisher,Ken Fisher,M,59,客服部,C001,3,62529;70900
E688,Aaron Gray,Aaron Gray,M,60,產品部,C001,2,70776;71215;70775
E689,Adam Hayes,Adam Hayes,M,60,營運部,C001,2,68110;65077;63177
E690,Alan Morgan,Alan Morgan,M,60,財務部,C001,2,69674;63752;68249
E691,Andrew Russell,Andrew Russell,M,60,工程部,C001,2,64617;66327;70290
E692,Arthur Watson,Arthur Watson,M,60,人資部,C001,3,68531;71915;71038
E693,Benjamin Anderson,Benjamin Anderson,M,60,業務部,C001,3,70837;66672;62539
E694,Dylan Baker,Dylan Baker,M,60,行政部,C001,3,69025;64497;67861
E695,Jason Carter,Jason Carter,M,60,客服部,C001,3,66476;62840;62997
E696,Kevin Davis,Kevin Davis,M,60,產品部,C001,3,66695;65339;71571
E697,Brian Edwards,Brian Edwards,M,60,營運部,C001,3,66893
E698,Daniel Foster,Daniel Foster,M,61,財務部,C001,2,63064;71666;67431
E699,Eric Garcia,Eric Garcia,M,61,工程部,C001,2,66202;68468;64252
E700,George Harris,George Harris,M,61,人資部,C001,3,69668;71886;67400
E701,Henry Irving,Henry Irving,M,61,業務部,C001,3,70972;69403;62236
E702,Ian Johnson,Ian Johnson,M,61,行政部,C001,3,65648;67438;69976
E703,Jack King,Jack King,M,61,客服部,C001,3,66399;66594
E704,Leo Lewis,Leo Lewis,M,62,產品部,C001,3,65923;66663;66449
E705,Mark Miller,Mark Miller,M,62,營運部,C001,2,65069;67788;63081
E706,Nathan Nelson,Nathan Nelson,M,62,財務部,C001,3,65143;64475;66623
E707,Oscar Owens,Oscar Owens,M,62,工程部,C001,2,70341;64558;67694
E708,Peter Parker,Peter Parker,M,62,人資部,C001,3,68818;66178;66355
E709,Ryan Quinn,Ryan Quinn,M,62,業務部,C001,3,65994;64824;66957
E710,Sean Roberts,Sean Roberts,M,62,行政部,C001,3,64821;66279
E711,Victor Scott,Victor Scott,M,63,客服部,C001,2,67616;70641;65524
E712,William Turner,William Turner,M,63,產品部,C001,2,63579;71756;71122
E713,Charles Underwood,Charles Underwood,M,63,營運部,C001,3,62718;68949;68237
E714,David Walker,David Walker,M,63,財務部,C001,3,65822;62927;70649
E715,Edward Young,Edward Young,M,63,工程部,C001,3,68416;67519;70525
E716,Felix Adams,Felix Adams,M,63,人資部,C001,3,64499;68703;66110
E717,Gavin Brooks,Gavin Brooks,M,63,業務部,C001,3,66573;65458;70821
E718,Howard Cooper,Howard Cooper,M,63,行政部,C001,3,65838;65189;63708
E719,Isaac Diaz,Isaac Diaz,M,63,客服部,C001,3,64343;65841;66542
E720,Jeremy Evans,Jeremy Evans,M,63,產品部,C001,3,65621
E721,Lucas Ford,Lucas Ford,M,64,營運部,C001,2,62266;68573;69824
E722,Martin Green,Martin Green,M,64,財務部,C001,3,67407;69596;63768
E723,Noah Hill,Noah Hill,M,64,工程部,C001,2,65748;64771;66620
E724,Owen James,Owen James,M,64,人資部,C001,3,66896;65929;71417
E725,Philip Knight,Philip Knight,M,64,業務部,C001,3,66015;71785;71511
E726,Quentin Lopez,Quentin Lopez,M,65,行政部,C001,2,71620;68000;65808
E727,Robert Moore,Robert Moore,M,65,客服部,C001,3,62601;62467;64313
E728,Steven Price,Steven Price,M,65,產品部,C001,2,67635;67066;69858
E729,Thomas Reed,Thomas Reed,M,65,營運部,C001,3,68787;66690;67229
E730,Vincent Stewart,Vincent Stewart,M,65,財務部,C001,3,63012;62248;65446
E731,Wesley Ward,Wesley Ward,M,65,工程部,C001,3,64882;70675;67912
E732,Zachary Bell,Zachary Bell,M,65,人資部,C001,3,71836;69684;66026
E733,Ken Coleman,Ken Coleman,M,65,業務部,C001,3,62413;69854;67433
E734,Aaron Fisher,Aaron Fisher,M,66,行政部,C001,3,67675;65637;63609
E735,Adam Gray,Adam Gray,M,66,客服部,C001,3,63939;69361;66710
E736,Alan Hayes,Alan Hayes,M,66,產品部,C001,3,67940;69177;65837
E737,Andrew Morgan,Andrew Morgan,M,66,營運部,C001,3,68159;68331;65675
E738,Arthur Russell,Arthur Russell,M,67,財務部,C001,2,69624;67828;64261
E739,Benjamin Watson,Benjamin Watson,M,67,工程部,C001,2,63813;68549;68983
E740,Dylan Anderson,Dylan Anderson,M,67,人資部,C001,3,64071;64789;68591
E741,Jason Baker,Jason Baker,M,67,業務部,C001,3,71705;70912;63276
E742,Kevin Carter,Kevin Carter,M,68,行政部,C001,3,65002;62678;62985
E743,Brian Davis,Brian Davis,M,68,客服部,C001,3,69870;62929;64231
E744,Daniel Edwards,Daniel Edwards,M,68,產品部,C001,3,71710;67003;68038
E745,Eric Foster,Eric Foster,M,68,營運部,C001,3,66781;70102;62634
E746,George Garcia,George Garcia,M,68,財務部,C001,3,62658
E747,Henry Harris,Henry Harris,M,69,工程部,C001,2,69468;71278;66538
E748,Ian Irving,Ian Irving,M,69,人資部,C001,2,62671;64625;62326
E749,Jack Johnson,Jack Johnson,M,69,業務部,C001,3,63799;67874;64976
E750,Leo King,Leo King,M,69,行政部,C001,3,64544;62804;65885
E751,Mark Lewis,Mark Lewis,M,69,客服部,C001,3,64130;69107;65589
E752,Nathan Miller,Nathan Miller,M,69,產品部,C001,3,64036;69962;69264
E753,Oscar Nelson,Oscar Nelson,M,69,營運部,C001,3,71869
E754,Peter Owens,Peter Owens,M,70,財務部,C001,2,71455;68121;63541
E755,Ryan Parker,Ryan Parker,M,70,工程部,C001,3,67339;68855;68748
E756,Sean Quinn,Sean Quinn,M,70,人資部,C001,3,68799;63091;66247
E757,Victor Roberts,Victor Roberts,M,70,業務部,C001,3,69848;70894;63097
E758,William Scott,William Scott,M,70,行政部,C001,3,64368;67455;66796
E759,Charles Turner,Charles Turner,M,70,客服部,C001,3,68445;63806;63391
E760,David Underwood,David Underwood,M,70,產品部,C001,3,63143;65163;66504
E761,Edward Walker,Edward Walker,M,70,營運部,C001,3,66457
E762,Felix Young,Felix Young,M,71,財務部,C001,3,65739;69418;70898
E763,Gavin Adams,Gavin Adams,M,71,工程部,C001,3,66229;65736;68275
E764,Howard Brooks,Howard Brooks,M,71,人資部,C001,3,69898;68557
E765,Isaac Cooper,Isaac Cooper,M,72,業務部,C001,2,62814;67939;63741
E766,Jeremy Diaz,Jeremy Diaz,M,72,行政部,C001,3,68424;68933;65297
E767,Lucas Evans,Lucas Evans,M,72,客服部,C001,3,71877;64191;64756
E768,Martin Ford,Martin Ford,M,72,產品部,C001,3,68538;67970;67703
E769,Noah Green,Noah Green,M,72,營運部,C001,3,66918
E770,Owen Hill,Owen Hill,M,73,財務部,C001,2,70297;65431;62587
E771,Philip James,Philip James,M,73,工程部,C001,3,70168;63502;69658
E772,Quentin Knight,Quentin Knight,M,73,人資部,C001,3,69547;67499;66049
E773,Robert Lopez,Robert Lopez,M,74,業務部,C001,2,65218;69066;68377
E774,Steven Moore,Steven Moore,M,74,行政部,C001,2,63312;67341;65046
E775,Thomas Price,Thomas Price,M,74,客服部,C001,2,62719;71697;66507
E776,Vincent Reed,Vincent Reed,M,74,產品部,C001,3,69349;64930;69516
E777,Wesley Stewart,Wesley Stewart,M,74,營運部,C001,3,63474;68794
E778,Zachary Ward,Zachary Ward,M,75,財務部,C001,3,69168;69608;67327
E779,Ken Bell,Ken Bell,M,75,工程部,C001,3,65712;63248;67714
E780,Aaron Coleman,Aaron Coleman,M,75,人資部,C001,3,70718;69921;68102
E781,Adam Fisher,Adam Fisher,M,75,業務部,C001,3,66701;69411;68892
E782,Alan Gray,Alan Gray,M,75,行政部,C001,3,66984
E783,Andrew Hayes,Andrew Hayes,M,76,客服部,C001,3,67493;63879;66885
E784,Arthur Morgan,Arthur Morgan,M,76,產品部,C001,2,67001;67764;70550
E785,Benjamin Russell,Benjamin Russell,M,76,營運部,C001,3,66068;66270;67643
E786,Dylan Watson,Dylan Watson,M,76,財務部,C001,3,69036
E787,Jason Anderson,Jason Anderson,M,77,工程部,C001,2,70544;67275;63593
E788,Kevin Baker,Kevin Baker,M,77,人資部,C001,3,64637;70425;71704
E789,Brian Carter,Brian Carter,M,77,業務部,C001,3,70330;62264;64120
E790,Daniel Davis,Daniel Davis,M,77,行政部,C001,3,65395
E791,Eric Edwards,Eric Edwards,M,78,客服部,C001,3,64328;62579;68780
E792,George Foster,George Foster,M,78,產品部,C001,3,65587;68367;66635
E793,Henry Garcia,Henry Garcia,M,78,營運部,C001,3,67020;69014;65393
E794,Ian Harris,Ian Harris,M,79,財務部,C001,2,69473;62527;67947
E795,Jack Irving,Jack Irving,M,79,工程部,C001,2,64473;63284;62948
E796,Leo Johnson,Leo Johnson,M,79,人資部,C001,3,67520
E797,Mark King,Mark King,M,80,業務部,C001,2,69924;65028;63456
E798,Nathan Lewis,Nathan Lewis,M,80,行政部,C001,2,70032;64928;70417
E799,Oscar Miller,Oscar Miller,M,80,客服部,C001,3,62366;64433;66157
E800,Peter Nelson,Peter Nelson,M,80,產品部,C001,3,63389;63295;68432
E801,Ryan Owens,Ryan Owens,M,80,營運部,C001,3,63765;66347;65645
E802,Sean Parker,Sean Parker,M,80,財務部,C001,3,63589;70567;62619
E803,Victor Quinn,Victor Quinn,M,80,工程部,C001,3,67854;70359;67833
E804,William Roberts,William Roberts,M,80,人資部,C001,2,67661;65220;70593
E805,Charles Scott,Charles Scott,M,80,業務部,C001,3,65549;71676;62226
E806,David Turner,David Turner,M,80,行政部,C001,3,62178;63662;71240
E807,Edward Underwood,Edward Underwood,M,80,客服部,C001,3,63659;67894;62418
E808,Felix Walker,Felix Walker,M,80,產品部,C001,3,68327;64759;69695
E809,Gavin Young,Gavin Young,M,80,營運部,C001,3,68594;71739;64646
E810,Howard Adams,Howard Adams,M,80,財務部,C001,3,62419;64013;62353
E811,Isaac Brooks,Isaac Brooks,M,80,工程部,C001,3,69141;63094;63236
E812,Jeremy Cooper,Jeremy Cooper,M,80,人資部,C001,3,68491;69140;70244
E813,Lucas Diaz,Lucas Diaz,M,80,業務部,C001,3,64084;69528;69562
E814,Martin Evans,Martin Evans,M,80,行政部,C001,3,68717;67346;70332
E815,Noah Ford,Noah Ford,M,80,客服部,C001,3,64329;66207;69506
E816,Owen Green,Owen Green,M,80,產品部,C001,3,68810
